{
  "total_return_pct": 13.830124886785878,
  "cagr_pct": 6.695934691605854,
  "max_drawdown_pct": -24.551511245978453,
  "sharpe": 0.23769525010381262,
  "start_equity": 14000.0,
  "end_equity": 15936.217484150022
}